round,deltaT,mean_accuracy,n_selected
1,75645.0,0.7520833257585764,3
2,66887.0,0.9479999989271164,3
3,76692.0,0.982249990105629,3
