round,deltaT,mean_accuracy,n_selected
1,64691.0,0.7498333360999823,3
2,97834.0,0.8410833403468132,3
3,97984.0,0.7669999897480011,3
4,74989.0,0.9850833266973495,3
